isin,nav_date,nav
LU0348825331,2025-07-08,60.7451
LU0348825331,2025-07-09,60.1203
LU0348825331,2025-07-10,60.3923
LU0348825331,2025-07-11,60.6029
LU0348825331,2025-07-14,61.058
LU0348825331,2025-07-15,62.0564
LU0348825331,2025-07-16,62.0551
LU0348825331,2025-07-17,62.233
LU0348825331,2025-07-18,63.0608
LU0348825331,2025-07-21,63.5357
LU0348825331,2025-07-22,63.8612
LU0348825331,2025-07-23,64.7278
LU0348825331,2025-07-24,65.2136
LU0348825331,2025-07-25,64.4721
LU0348825331,2025-07-28,64.888
LU0348825331,2025-07-29,65.118
LU0348825331,2025-07-30,64.244
LU0348825331,2025-07-31,63.0169
LU0348825331,2025-08-01,62.3192
LU0348825331,2025-08-04,62.7853
LU0348825331,2025-08-05,63.6523
LU0348825331,2025-08-06,63.9181
LU0348825331,2025-08-07,63.9421
LU0348825331,2025-08-08,63.6232
LU0348825331,2025-08-11,63.8135
LU0348825331,2025-08-12,63.9994
LU0348825331,2025-08-13,65.8285
LU0348825331,2025-08-14,65.9646
LU0348825331,2025-08-18,66.3336
LU0348825331,2025-08-19,66.498
LU0348825331,2025-08-20,66.1896
LU0348825331,2025-08-21,66.0519
LU0348825331,2025-08-22,66.9123
LU0348825331,2025-08-25,68.5994
LU0348825331,2025-08-26,68.1719
LU0348825331,2025-08-27,67.2917
LU0348825331,2025-08-28,66.834
LU0348825331,2025-08-29,67.4011
LU0348825331,2025-09-01,69.1551
LU0348825331,2025-09-02,68.6993
LU0348825331,2025-09-03,68.648
LU0348825331,2025-09-04,67.3127
LU0348825331,2025-09-05,68.9376
LU0348825331,2025-09-08,69.5692
LU0348825331,2025-09-09,70.2188
LU0348825331,2025-09-10,70.7284
LU0348825331,2025-09-11,70.9965
LU0348825331,2025-09-12,71.8179
LU0348825331,2025-09-15,71.9268
LU0348825331,2025-09-16,72.1006
LU0348825331,2025-09-17,73.3554
LU0348825331,2025-09-18,72.7173
LU0348825331,2025-09-19,72.6926
LU0348825331,2025-09-22,72.3473
LU0348825331,2025-09-23,72.1547
LU0348825331,2025-09-24,73.0011
LU0348825331,2025-09-25,73.31
LU0348825331,2025-09-26,72.0926
LU0348825331,2025-09-29,73.5291
LU0348825331,2025-09-30,74.3501
LU0348825331,2025-10-02,75.4414
LU0348825331,2025-10-03,75.125
LU0348825331,2025-10-06,74.6475
LU0348825331,2025-10-08,74.4495
LU0348825331,2025-10-09,74.4166
LU0348825331,2025-10-10,72.2857
LU0348825331,2025-10-13,70.8644
LU0348825331,2025-10-14,69.5061
LU0348825331,2025-10-15,70.8841
LU0348825331,2025-10-16,70.955
LU0348825331,2025-10-17,69.1313
LU0348825331,2025-10-20,70.5716
LU0348825331,2025-10-21,71.4012
LU0348825331,2025-10-22,70.6255
LU0348825331,2025-10-23,70.68
LU0348825331,2025-10-24,71.5822
LU0348825331,2025-10-27,72.7437
LU0348825331,2025-10-28,72.1733
LU0348825331,2025-10-30,72.2138
LU0348825331,2025-10-31,70.6938
LU0348825331,2025-11-03,70.9751
LU0348825331,2025-11-04,70.3123
LU0348825331,2025-11-05,70.2017
LU0348825331,2025-11-06,71.7701
LU0348825331,2025-11-07,71.0786
LU0348825331,2025-11-10,71.7624
LU0348825331,2025-11-11,71.8765
LU0348825331,2025-11-12,72.0178
LU0348825331,2025-11-13,72.7092
LU0348825331,2025-11-14,71.0712
LU0348825331,2025-11-17,70.4758
LU0348825331,2025-11-18,69.0472
LU0348825331,2025-11-19,68.9276
LU0348825331,2025-11-20,68.6565
LU0348825331,2025-11-21,66.6203
LU0348825331,2025-11-24,67.8988
LU0348825331,2025-11-25,68.7871
LU0348825331,2025-11-26,68.871
LU0348825331,2025-11-27,68.6597
LU0348825331,2025-11-28,68.5686
LU0348825331,2025-12-01,69.1847
LU0348825331,2025-12-02,69.2025
LU0348825331,2025-12-03,68.3411
LU0348825331,2025-12-04,68.9866
LU0348825331,2025-12-05,69.6962
LU0348825331,2025-12-08,69.3441
LU0348825331,2025-12-09,68.6133
LU0348825331,2025-12-10,68.6463
LU0348825331,2025-12-11,68.2326
LU0348825331,2025-12-12,69.3124
LU0348825331,2025-12-15,67.4783
LU0348825331,2025-12-16,66.2751
LU0348825331,2025-12-17,66.8894
LU0348825331,2025-12-18,66.4532
LU0348825331,2025-12-19,67.0944
LU0348825331,2025-12-22,67.6322
LU0348825331,2025-12-23,67.6197
LU0348825331,2025-12-29,67.3845
LU0348825331,2025-12-30,67.8137
LU0348825331,2025-12-31,67.3214
LU0348825331,2026-01-02,68.8842
LU0348825331,2026-01-05,69.3689
LU0348825331,2026-01-06,70.2972
LU0348825331,2026-01-07,70.0781
LU0348825331,2026-01-08,69.1993
LU0348825331,2026-01-09,69.619
LU0348825331,2026-01-12,70.4772
LU0348825331,2026-01-13,71.0812
LU0348825331,2026-01-14,71.2553
LU0348825331,2026-01-15,70.7757
LU0348825331,2026-01-16,70.8412
LU0348825331,2026-01-19,70.1877
LU0348825331,2026-01-20,70.0545
LU0348825331,2026-01-21,70.3041
LU0348825331,2026-01-22,70.5871
LU0348825331,2026-01-23,70.6013
LU0348825331,2026-01-26,70.4622
LU0348825331,2026-01-27,71.1996
LU0348825331,2026-01-28,72.6268
LU0348825331,2026-01-29,72.6826
LU0348825331,2026-01-30,71.2978
LU0348825331,2026-02-02,69.5836
LU0348825331,2026-02-03,69.8128
LU0348825331,2026-02-04,69.6126
LU0348825331,2026-02-05,69.1583
LU0348825331,2026-02-06,68.665
LU0348825331,2026-02-09,70.2317
LU0348825331,2026-02-10,70.8259
LU0348825331,2026-02-11,71.2148
LU0348825331,2026-02-12,71.0236
LU0348825331,2026-02-13,69.7729
LU0348825331,2026-02-16,70.3633
LU0348825331,2026-02-20,69.7411
LU0348825331,2026-02-23,71.1335
LU0348825331,2026-02-24,69.9333
LU0348825331,2026-02-25,70.3869
LU0348825331,2026-02-26,69.3713
LU0348825331,2026-02-27,69.6418
LU0348825331,2026-03-02,68.7943
LU0348825331,2026-03-03,67.3083
LU0348825331,2026-03-04,66.3574
LU0348825331,2026-03-05,66.5357
LU0348825331,2026-03-06,67.2948
LU0348825331,2026-03-09,66.6625
LU0348825331,2026-03-10,68.2383
LU0348825331,2026-03-11,68.1405
LU0348825331,2026-03-12,67.6297
LU0348825331,2026-03-13,66.9058
LU0348825331,2026-03-16,67.3637
LU0348825331,2026-03-17,67.0623
LU0348825331,2026-03-18,67.5755
LU0348825331,2026-03-19,65.5812
LU0348825331,2026-03-20,64.8294
LU0348825331,2026-03-23,62.5642
LU0348825331,2026-03-24,64.3988
LU0348825331,2026-03-25,65.2417
LU0348825331,2026-03-26,63.8826
LU0348825331,2026-03-27,64.0428
LU0348825331,2026-03-30,63.6991
LU0348825331,2026-03-31,63.3422
LU0348825331,2026-04-01,64.955
LU0348825331,2026-04-02,64.3553
LU0348825331,2026-04-08,66.5002
LU0348825331,2026-04-09,66.253
LU0348825331,2026-04-10,66.8009
LU0348825331,2026-04-13,66.2805
LU0348825331,2026-04-14,67.0176
LU0348825331,2026-04-15,67.1512
LU0348825331,2026-04-16,68.8662
LU0348825331,2026-04-17,68.5445
LU0348825331,2026-04-20,68.8846
LU0348825331,2026-04-21,69.0903
LU0348825331,2026-04-22,68.6221
LU0348825331,2026-04-23,67.7512
LU0348825331,2026-04-24,67.9181
LU0348825331,2026-04-27,67.7818
LU0348825331,2026-04-28,67.0536
LU0348825331,2026-04-29,68.1482
LU0348825331,2026-04-30,67.3252
LU0348825331,2026-05-04,68.0116
LU0348825331,2026-05-05,67.7043
LU0348825331,2026-05-06,68.791
LU0348825331,2026-05-07,70.0881
LU0348825331,2026-05-08,69.7324
LU0348825331,2026-05-11,70.0526
LU0348825331,2026-05-12,70.1152
LU0348825331,2026-05-13,70.6957
LU0348825331,2026-05-15,68.976
LU0348825331,2026-05-18,68.3713
LU0348825331,2026-05-19,68.5433
LU0348825331,2026-05-20,68.3745
LU0348825331,2026-05-21,67.3805
LU0348825331,2026-05-22,68.3074
LU0348825331,2026-05-26,68.8843
LU0348825331,2026-05-27,68.3918
LU0348825331,2026-05-28,67.6191
LU0348825331,2026-05-29,67.8004
LU0348825331,2026-06-01,67.626
LU0348825331,2026-06-02,69.4956
LU0348825331,2026-06-03,68.7041
LU0348825331,2026-06-04,68.0621
LU0348825331,2026-06-05,67.0105
LU0348825331,2026-06-08,65.6201
LU0348825331,2026-06-09,66.1694
LU0348825331,2026-06-10,65.604
LU0348825331,2026-06-11,65.1573
LU0348825331,2026-06-12,66.5564
LU0348825331,2026-06-15,67.6282
LU0348825331,2026-06-16,67.1815
LU0348825331,2026-06-17,67.1639
LU0348825331,2026-06-18,66.4214
LU0348825331,2026-06-22,66.5506
LU0348825331,2026-06-24,64.7865
LU0348825331,2026-06-25,64.4081
LU0348825331,2026-06-26,62.8086
LU0348825331,2026-06-29,63.9234
LU0348825331,2026-06-30,64.3314
LU0348825331,2026-07-02,63.6153
LU0348825331,2026-07-03,64.4771
LU0348825331,2026-07-06,65.0114
LU0348825331,2026-07-07,64.3093
LU0820561818,2025-07-08,8.333
LU0820561818,2025-07-09,8.343
LU0820561818,2025-07-11,8.3381
LU0820561818,2025-07-14,8.3342
LU0820561818,2025-07-15,8.3015
LU0820561818,2025-07-16,8.2748
LU0820561818,2025-07-17,8.3046
LU0820561818,2025-07-18,8.3327
LU0820561818,2025-07-21,8.349
LU0820561818,2025-07-22,8.3187
LU0820561818,2025-07-23,8.3339
LU0820561818,2025-07-24,8.3614
LU0820561818,2025-07-25,8.3657
LU0820561818,2025-07-28,8.3885
LU0820561818,2025-07-29,8.3961
LU0820561818,2025-07-30,8.3759
LU0820561818,2025-07-31,8.4085
LU0820561818,2025-08-01,8.2806
LU0820561818,2025-08-04,8.3367
LU0820561818,2025-08-05,8.3661
LU0820561818,2025-08-06,8.3458
LU0820561818,2025-08-07,8.3874
LU0820561818,2025-08-08,8.3766
LU0820561818,2025-08-11,8.3845
LU0820561818,2025-08-12,8.3772
LU0820561818,2025-08-13,8.4307
LU0820561818,2025-08-14,8.4194
LU0820561818,2025-08-18,8.3554
LU0820561818,2025-08-19,8.3557
LU0820561818,2025-08-20,8.2973
LU0820561818,2025-08-21,8.2996
LU0820561818,2025-08-22,8.3147
LU0820561818,2025-08-25,8.3706
LU0820561818,2025-08-26,8.3655
LU0820561818,2025-08-27,8.3836
LU0820561818,2025-08-28,8.4014
LU0820561818,2025-08-29,8.403
LU0820561818,2025-09-02,8.3528
LU0820561818,2025-09-03,8.3722
LU0820561818,2025-09-04,8.3878
LU0820561818,2025-09-05,8.4325
LU0820561818,2025-09-08,8.4343
LU0820561818,2025-09-09,8.4417
LU0820561818,2025-09-10,8.4805
LU0820561818,2025-09-11,8.4924
LU0820561818,2025-09-12,8.5039
LU0820561818,2025-09-15,8.4657
LU0820561818,2025-09-16,8.4702
LU0820561818,2025-09-17,8.4668
LU0820561818,2025-09-18,8.4819
LU0820561818,2025-09-19,8.4978
LU0820561818,2025-09-22,8.5062
LU0820561818,2025-09-23,8.5252
LU0820561818,2025-09-24,8.4954
LU0820561818,2025-09-25,8.4274
LU0820561818,2025-09-26,8.4525
LU0820561818,2025-09-29,8.4815
LU0820561818,2025-09-30,8.4725
LU0820561818,2025-10-01,8.4725
LU0820561818,2025-10-02,8.5071
LU0820561818,2025-10-03,8.5233
LU0820561818,2025-10-06,8.5252
LU0820561818,2025-10-07,8.54
LU0820561818,2025-10-08,8.5257
LU0820561818,2025-10-09,8.5356
LU0820561818,2025-10-10,8.5345
LU0820561818,2025-10-14,8.4332
LU0820561818,2025-10-15,8.4772
LU0820561818,2025-10-16,8.4777
LU0820561818,2025-10-17,8.4378
LU0820561818,2025-10-20,8.4794
LU0820561818,2025-10-21,8.4914
LU0820561818,2025-10-22,8.4939
LU0820561818,2025-10-23,8.4747
LU0820561818,2025-10-24,8.5332
LU0820561818,2025-10-27,8.5873
LU0820561818,2025-10-28,8.6109
LU0820561818,2025-10-29,8.6329
LU0820561818,2025-10-30,8.5892
LU0820561818,2025-10-31,8.5949
LU0820561818,2025-11-03,8.5871
LU0820561818,2025-11-04,8.5397
LU0820561818,2025-11-05,8.5333
LU0820561818,2025-11-06,8.5304
LU0820561818,2025-11-07,8.4564
LU0820561818,2025-11-10,8.5682
LU0820561818,2025-11-12,8.591
LU0820561818,2025-11-13,8.5374
LU0820561818,2025-11-14,8.4489
LU0820561818,2025-11-17,8.3984
LU0820561818,2025-11-18,8.322
LU0820561818,2025-11-19,8.3701
LU0820561818,2025-11-20,8.4391
LU0820561818,2025-11-21,8.2946
LU0820561818,2025-11-24,8.3632
LU0820561818,2025-11-25,8.4042
LU0820561818,2025-11-26,8.4759
LU0820561818,2025-11-28,8.5209
LU0820561818,2025-12-01,8.5113
LU0820561818,2025-12-02,8.5254
LU0820561818,2025-12-03,8.4938
LU0820561818,2025-12-04,8.513
LU0820561818,2025-12-05,8.5385
LU0820561818,2025-12-08,8.5372
LU0820561818,2025-12-09,8.5246
LU0820561818,2025-12-10,8.5128
LU0820561818,2025-12-11,8.507
LU0820561818,2025-12-12,8.5404
LU0820561818,2025-12-15,8.4247
LU0820561818,2025-12-16,8.402
LU0820561818,2025-12-17,8.3959
LU0820561818,2025-12-18,8.3877
LU0820561818,2025-12-19,8.4288
LU0820561818,2025-12-22,8.4825
LU0820561818,2025-12-23,8.486
LU0820561818,2025-12-29,8.4945
LU0820561818,2025-12-30,8.4942
LU0820561818,2025-12-31,8.4784
LU0820561818,2026-01-02,8.4993
LU0820561818,2026-01-05,8.5111
LU0820561818,2026-01-06,8.5433
LU0820561818,2026-01-07,8.5814
LU0820561818,2026-01-08,8.5479
LU0820561818,2026-01-09,8.5646
LU0820561818,2026-01-12,8.5707
LU0820561818,2026-01-13,8.5972
LU0820561818,2026-01-14,8.5557
LU0820561818,2026-01-15,8.5427
LU0820561818,2026-01-16,8.537
LU0820561818,2026-01-20,8.4759
LU0820561818,2026-01-21,8.4855
LU0820561818,2026-01-22,8.5287
LU0820561818,2026-01-23,8.5189
LU0820561818,2026-01-26,8.5455
LU0820561818,2026-01-27,8.5649
LU0820561818,2026-01-28,8.5927
LU0820561818,2026-01-29,8.5714
LU0820561818,2026-01-30,8.5575
LU0820561818,2026-02-02,8.5379
LU0820561818,2026-02-03,8.5596
LU0820561818,2026-02-04,8.5215
LU0820561818,2026-02-05,8.4539
LU0820561818,2026-02-06,8.4907
LU0820561818,2026-02-09,8.5639
LU0820561818,2026-02-10,8.5785
LU0820561818,2026-02-11,8.5778
LU0820561818,2026-02-12,8.5828
LU0820561818,2026-02-13,8.4919
LU0820561818,2026-02-17,8.4275
LU0820561818,2026-02-18,8.5067
LU0820561818,2026-02-19,8.4806
LU0820561818,2026-02-20,8.4936
LU0820561818,2026-02-23,8.4969
LU0820561818,2026-02-24,8.4732
LU0820561818,2026-02-25,8.5542
LU0820561818,2026-02-26,8.5126
LU0820561818,2026-02-27,8.4495
LU0820561818,2026-03-02,8.445
LU0820561818,2026-03-03,8.3597
LU0820561818,2026-03-04,8.4126
LU0820561818,2026-03-05,8.4287
LU0820561818,2026-03-06,8.3149
LU0820561818,2026-03-09,8.2807
LU0820561818,2026-03-10,8.4033
LU0820561818,2026-03-11,8.3946
LU0820561818,2026-03-12,8.2999
LU0820561818,2026-03-13,8.2824
LU0820561818,2026-03-16,8.2643
LU0820561818,2026-03-17,8.2979
LU0820561818,2026-03-18,8.2835
LU0820561818,2026-03-19,8.2207
LU0820561818,2026-03-20,8.1787
LU0820561818,2026-03-23,8.2436
LU0820561818,2026-03-24,8.1963
LU0820561818,2026-03-25,8.2525
LU0820561818,2026-03-26,8.1692
LU0820561818,2026-03-27,8.0599
LU0820561818,2026-03-30,8.0211
LU0820561818,2026-03-31,8.0636
LU0820561818,2026-04-01,8.1953
LU0820561818,2026-04-02,8.1561
LU0820561818,2026-04-07,8.22
LU0820561818,2026-04-08,8.4038
LU0820561818,2026-04-09,8.4249
LU0820561818,2026-04-10,8.4456
LU0820561818,2026-04-13,8.4299
LU0820561818,2026-04-14,8.505
LU0820561818,2026-04-15,8.4863
LU0820561818,2026-04-16,8.5064
LU0820561818,2026-04-17,8.5635
LU0820561818,2026-04-20,8.5665
LU0820561818,2026-04-21,8.591
LU0820561818,2026-04-22,8.5825
LU0820561818,2026-04-23,8.5978
LU0820561818,2026-04-24,8.5893
LU0820561818,2026-04-27,8.598
LU0820561818,2026-04-28,8.5698
LU0820561818,2026-04-29,8.586
LU0820561818,2026-04-30,8.592
LU0820561818,2026-05-04,8.6975
LU0820561818,2026-05-05,8.73
LU0820561818,2026-05-06,8.7815
LU0820561818,2026-05-07,8.7967
LU0820561818,2026-05-08,8.8115
LU0820561818,2026-05-11,8.8452
LU0820561818,2026-05-12,8.8206
LU0820561818,2026-05-13,8.8334
LU0820561818,2026-05-15,8.7518
LU0820561818,2026-05-18,8.7221
LU0820561818,2026-05-19,8.6507
LU0820561818,2026-05-20,8.6695
LU0820561818,2026-05-21,8.7248
LU0820561818,2026-05-22,8.7849
LU0820561818,2026-05-26,8.8402
LU0820561818,2026-05-27,8.8371
LU0820561818,2026-05-28,8.8288
LU0820561818,2026-05-29,8.8735
LU0820561818,2026-06-01,8.8646
LU0820561818,2026-06-02,8.9314
LU0820561818,2026-06-03,8.9043
LU0820561818,2026-06-04,8.8726
LU0820561818,2026-06-05,8.8144
LU0820561818,2026-06-08,8.7672
LU0820561818,2026-06-09,8.8121
LU0820561818,2026-06-10,8.7311
LU0820561818,2026-06-11,8.6841
LU0820561818,2026-06-12,8.7718
LU0820561818,2026-06-15,8.8544
LU0820561818,2026-06-16,8.8879
LU0820561818,2026-06-17,8.8527
LU0820561818,2026-06-18,8.8523
LU0820561818,2026-06-22,8.9035
LU0820561818,2026-06-24,8.7669
LU0820561818,2026-06-25,8.7281
LU0820561818,2026-06-26,8.6996
LU0820561818,2026-06-29,8.7262
LU0820561818,2026-06-30,8.8048
LU0820561818,2026-07-01,8.7915
LU0820561818,2026-07-02,8.8096
LU0820561818,2026-07-06,8.7838
LU0820561818,2026-07-07,8.7266
LU1564329115,2025-07-08,8.04
LU1564329115,2025-07-09,8.06
LU1564329115,2025-07-10,8.06
LU1564329115,2025-07-11,8.03
LU1564329115,2025-07-14,8.04
LU1564329115,2025-07-15,8.04
LU1564329115,2025-07-16,8.0
LU1564329115,2025-07-17,8.02
LU1564329115,2025-07-18,8.05
LU1564329115,2025-07-21,8.07
LU1564329115,2025-07-22,8.07
LU1564329115,2025-07-23,8.11
LU1564329115,2025-07-24,8.14
LU1564329115,2025-07-25,8.12
LU1564329115,2025-07-28,8.13
LU1564329115,2025-07-29,8.12
LU1564329115,2025-07-30,8.1
LU1564329115,2025-07-31,8.05
LU1564329115,2025-08-01,7.96
LU1564329115,2025-08-04,8.01
LU1564329115,2025-08-05,8.03
LU1564329115,2025-08-06,8.03
LU1564329115,2025-08-07,8.06
LU1564329115,2025-08-08,8.06
LU1564329115,2025-08-11,8.07
LU1564329115,2025-08-12,8.07
LU1564329115,2025-08-13,8.13
LU1564329115,2025-08-14,8.12
LU1564329115,2025-08-18,8.12
LU1564329115,2025-08-19,8.14
LU1564329115,2025-08-20,8.11
LU1564329115,2025-08-21,8.11
LU1564329115,2025-08-22,8.14
LU1564329115,2025-08-25,8.18
LU1564329115,2025-08-26,8.15
LU1564329115,2025-08-27,8.16
LU1564329115,2025-08-28,8.17
LU1564329115,2025-08-29,8.12
LU1564329115,2025-09-01,8.12
LU1564329115,2025-09-02,8.07
LU1564329115,2025-09-03,8.08
LU1564329115,2025-09-04,8.1
LU1564329115,2025-09-05,8.15
LU1564329115,2025-09-08,8.14
LU1564329115,2025-09-09,8.15
LU1564329115,2025-09-10,8.18
LU1564329115,2025-09-11,8.2
LU1564329115,2025-09-12,8.21
LU1564329115,2025-09-15,8.22
LU1564329115,2025-09-16,8.2
LU1564329115,2025-09-17,8.21
LU1564329115,2025-09-18,8.21
LU1564329115,2025-09-19,8.22
LU1564329115,2025-09-22,8.21
LU1564329115,2025-09-23,8.24
LU1564329115,2025-09-24,8.21
LU1564329115,2025-09-25,8.16
LU1564329115,2025-09-26,8.19
LU1564329115,2025-09-29,8.21
LU1564329115,2025-09-30,8.17
LU1564329115,2025-10-01,8.18
LU1564329115,2025-10-02,8.2
LU1564329115,2025-10-03,8.22
LU1564329115,2025-10-06,8.21
LU1564329115,2025-10-07,8.2
LU1564329115,2025-10-08,8.19
LU1564329115,2025-10-09,8.18
LU1564329115,2025-10-10,8.17
LU1564329115,2025-10-13,8.11
LU1564329115,2025-10-14,8.1
LU1564329115,2025-10-15,8.18
LU1564329115,2025-10-16,8.17
LU1564329115,2025-10-17,8.15
LU1564329115,2025-10-20,8.2
LU1564329115,2025-10-21,8.21
LU1564329115,2025-10-22,8.22
LU1564329115,2025-10-23,8.21
LU1564329115,2025-10-24,8.25
LU1564329115,2025-10-27,8.27
LU1564329115,2025-10-28,8.28
LU1564329115,2025-10-29,8.28
LU1564329115,2025-10-30,8.25
LU1564329115,2025-10-31,8.17
LU1564329115,2025-11-03,8.15
LU1564329115,2025-11-04,8.14
LU1564329115,2025-11-05,8.14
LU1564329115,2025-11-06,8.14
LU1564329115,2025-11-07,8.1
LU1564329115,2025-11-10,8.16
LU1564329115,2025-11-11,8.2
LU1564329115,2025-11-12,8.23
LU1564329115,2025-11-13,8.21
LU1564329115,2025-11-14,8.14
LU1564329115,2025-11-17,8.15
LU1564329115,2025-11-18,8.06
LU1564329115,2025-11-19,8.09
LU1564329115,2025-11-20,8.13
LU1564329115,2025-11-21,8.03
LU1564329115,2025-11-24,8.09
LU1564329115,2025-11-25,8.13
LU1564329115,2025-11-26,8.19
LU1564329115,2025-11-27,8.21
LU1564329115,2025-11-28,8.18
LU1564329115,2025-12-01,8.18
LU1564329115,2025-12-02,8.17
LU1564329115,2025-12-03,8.18
LU1564329115,2025-12-04,8.2
LU1564329115,2025-12-05,8.22
LU1564329115,2025-12-08,8.2
LU1564329115,2025-12-09,8.19
LU1564329115,2025-12-10,8.18
LU1564329115,2025-12-11,8.21
LU1564329115,2025-12-12,8.23
LU1564329115,2025-12-15,8.21
LU1564329115,2025-12-16,8.19
LU1564329115,2025-12-17,8.18
LU1564329115,2025-12-18,8.18
LU1564329115,2025-12-19,8.19
LU1564329115,2025-12-22,8.21
LU1564329115,2025-12-23,8.23
LU1564329115,2025-12-29,8.26
LU1564329115,2025-12-30,8.27
LU1564329115,2025-12-31,8.21
LU1564329115,2026-01-02,8.21
LU1564329115,2026-01-05,8.23
LU1564329115,2026-01-06,8.27
LU1564329115,2026-01-07,8.28
LU1564329115,2026-01-08,8.27
LU1564329115,2026-01-09,8.29
LU1564329115,2026-01-12,8.31
LU1564329115,2026-01-13,8.31
LU1564329115,2026-01-14,8.3
LU1564329115,2026-01-15,8.33
LU1564329115,2026-01-16,8.32
LU1564329115,2026-01-19,8.32
LU1564329115,2026-01-20,8.27
LU1564329115,2026-01-21,8.28
LU1564329115,2026-01-22,8.32
LU1564329115,2026-01-23,8.32
LU1564329115,2026-01-26,8.37
LU1564329115,2026-01-27,8.37
LU1564329115,2026-01-28,8.37
LU1564329115,2026-01-29,8.35
LU1564329115,2026-01-30,8.3
LU1564329115,2026-02-02,8.31
LU1564329115,2026-02-03,8.32
LU1564329115,2026-02-04,8.32
LU1564329115,2026-02-05,8.27
LU1564329115,2026-02-06,8.31
LU1564329115,2026-02-09,8.35
LU1564329115,2026-02-10,8.39
LU1564329115,2026-02-11,8.38
LU1564329115,2026-02-12,8.39
LU1564329115,2026-02-13,8.32
LU1564329115,2026-02-16,8.34
LU1564329115,2026-02-17,8.32
LU1564329115,2026-02-18,8.37
LU1564329115,2026-02-19,8.35
LU1564329115,2026-02-20,8.36
LU1564329115,2026-02-23,8.39
LU1564329115,2026-02-24,8.36
LU1564329115,2026-02-25,8.41
LU1564329115,2026-02-26,8.41
LU1564329115,2026-02-27,8.34
LU1564329115,2026-03-02,8.3
LU1564329115,2026-03-03,8.13
LU1564329115,2026-03-04,8.21
LU1564329115,2026-03-05,8.21
LU1564329115,2026-03-06,8.09
LU1564329115,2026-03-09,8.06
LU1564329115,2026-03-10,8.17
LU1564329115,2026-03-11,8.14
LU1564329115,2026-03-12,8.07
LU1564329115,2026-03-13,8.04
LU1564329115,2026-03-16,8.07
LU1564329115,2026-03-17,8.1
LU1564329115,2026-03-18,8.06
LU1564329115,2026-03-19,7.98
LU1564329115,2026-03-20,7.94
LU1564329115,2026-03-23,8.0
LU1564329115,2026-03-24,7.95
LU1564329115,2026-03-25,7.99
LU1564329115,2026-03-26,7.96
LU1564329115,2026-03-27,7.87
LU1564329115,2026-03-30,7.85
LU1564329115,2026-03-31,7.86
LU1564329115,2026-04-01,7.96
LU1564329115,2026-04-02,7.92
LU1564329115,2026-04-07,7.97
LU1564329115,2026-04-08,8.15
LU1564329115,2026-04-09,8.15
LU1564329115,2026-04-10,8.18
LU1564329115,2026-04-13,8.16
LU1564329115,2026-04-14,8.23
LU1564329115,2026-04-15,8.24
LU1564329115,2026-04-16,8.26
LU1564329115,2026-04-17,8.32
LU1564329115,2026-04-20,8.33
LU1564329115,2026-04-21,8.32
LU1564329115,2026-04-22,8.3
LU1564329115,2026-04-23,8.29
LU1564329115,2026-04-24,8.27
LU1564329115,2026-04-27,8.29
LU1564329115,2026-04-28,8.26
LU1564329115,2026-04-29,8.24
LU1564329115,2026-04-30,8.21
LU1564329115,2026-05-04,8.26
LU1564329115,2026-05-05,8.25
LU1564329115,2026-05-06,8.32
LU1564329115,2026-05-07,8.33
LU1564329115,2026-05-08,8.32
LU1564329115,2026-05-11,8.33
LU1564329115,2026-05-12,8.28
LU1564329115,2026-05-13,8.29
LU1564329115,2026-05-15,8.27
LU1564329115,2026-05-18,8.29
LU1564329115,2026-05-19,8.25
LU1564329115,2026-05-20,8.26
LU1564329115,2026-05-21,8.29
LU1564329115,2026-05-22,8.34
LU1564329115,2026-05-26,8.38
LU1564329115,2026-05-27,8.38
LU1564329115,2026-05-28,8.37
LU1564329115,2026-05-29,8.35
LU1564329115,2026-06-01,8.32
LU1564329115,2026-06-02,8.34
LU1564329115,2026-06-03,8.34
LU1564329115,2026-06-04,8.34
LU1564329115,2026-06-05,8.31
LU1564329115,2026-06-08,8.26
LU1564329115,2026-06-09,8.29
LU1564329115,2026-06-10,8.26
LU1564329115,2026-06-11,8.23
LU1564329115,2026-06-12,8.29
LU1564329115,2026-06-15,8.39
LU1564329115,2026-06-16,8.4
LU1564329115,2026-06-17,8.4
LU1564329115,2026-06-18,8.35
LU1564329115,2026-06-19,8.34
LU1564329115,2026-06-22,8.35
LU1564329115,2026-06-24,8.29
LU1564329115,2026-06-25,8.29
LU1564329115,2026-06-26,8.29
LU1564329115,2026-06-29,8.32
LU1564329115,2026-06-30,8.28
LU1564329115,2026-07-01,8.28
LU1564329115,2026-07-02,8.34
LU1564329115,2026-07-03,8.34
LU1564329115,2026-07-06,8.35
LU1564329115,2026-07-07,8.35
LU0056508442,2025-07-08,102.35
LU0056508442,2025-07-09,103.17
LU0056508442,2025-07-10,102.27
LU0056508442,2025-07-11,101.98
LU0056508442,2025-07-14,101.51
LU0056508442,2025-07-15,102.93
LU0056508442,2025-07-16,102.32
LU0056508442,2025-07-17,103.7
LU0056508442,2025-07-18,103.91
LU0056508442,2025-07-21,104.34
LU0056508442,2025-07-22,102.47
LU0056508442,2025-07-23,102.69
LU0056508442,2025-07-24,103.98
LU0056508442,2025-07-25,104.28
LU0056508442,2025-07-28,104.77
LU0056508442,2025-07-29,105.43
LU0056508442,2025-07-30,104.84
LU0056508442,2025-07-31,106.42
LU0056508442,2025-08-01,102.71
LU0056508442,2025-08-04,104.77
LU0056508442,2025-08-05,105.31
LU0056508442,2025-08-06,104.54
LU0056508442,2025-08-07,106.69
LU0056508442,2025-08-08,106.0
LU0056508442,2025-08-11,106.35
LU0056508442,2025-08-12,105.79
LU0056508442,2025-08-13,107.21
LU0056508442,2025-08-14,106.29
LU0056508442,2025-08-18,105.65
LU0056508442,2025-08-19,105.3
LU0056508442,2025-08-20,101.95
LU0056508442,2025-08-21,102.45
LU0056508442,2025-08-22,102.8
LU0056508442,2025-08-25,104.65
LU0056508442,2025-08-26,104.63
LU0056508442,2025-08-27,104.59
LU0056508442,2025-08-28,106.02
LU0056508442,2025-08-29,105.36
LU0056508442,2025-09-01,104.85
LU0056508442,2025-09-02,103.59
LU0056508442,2025-09-03,104.12
LU0056508442,2025-09-04,104.67
LU0056508442,2025-09-05,107.12
LU0056508442,2025-09-08,108.24
LU0056508442,2025-09-09,108.01
LU0056508442,2025-09-10,111.22
LU0056508442,2025-09-11,111.35
LU0056508442,2025-09-12,110.98
LU0056508442,2025-09-15,111.79
LU0056508442,2025-09-16,112.19
LU0056508442,2025-09-17,111.45
LU0056508442,2025-09-18,112.63
LU0056508442,2025-09-19,113.24
LU0056508442,2025-09-22,113.55
LU0056508442,2025-09-23,113.89
LU0056508442,2025-09-24,113.21
LU0056508442,2025-09-25,111.08
LU0056508442,2025-09-26,112.23
LU0056508442,2025-09-29,113.38
LU0056508442,2025-09-30,112.38
LU0056508442,2025-10-01,112.41
LU0056508442,2025-10-02,114.28
LU0056508442,2025-10-03,114.85
LU0056508442,2025-10-06,115.72
LU0056508442,2025-10-07,115.63
LU0056508442,2025-10-08,115.64
LU0056508442,2025-10-09,116.66
LU0056508442,2025-10-10,116.9
LU0056508442,2025-10-13,115.22
LU0056508442,2025-10-14,112.67
LU0056508442,2025-10-15,115.19
LU0056508442,2025-10-16,115.57
LU0056508442,2025-10-17,113.98
LU0056508442,2025-10-20,115.47
LU0056508442,2025-10-21,114.89
LU0056508442,2025-10-22,115.0
LU0056508442,2025-10-23,114.77
LU0056508442,2025-10-24,117.13
LU0056508442,2025-10-27,118.92
LU0056508442,2025-10-28,119.99
LU0056508442,2025-10-29,122.2
LU0056508442,2025-10-30,120.37
LU0056508442,2025-10-31,120.87
LU0056508442,2025-11-03,120.63
LU0056508442,2025-11-04,118.88
LU0056508442,2025-11-05,117.05
LU0056508442,2025-11-06,115.54
LU0056508442,2025-11-07,112.53
LU0056508442,2025-11-10,116.08
LU0056508442,2025-11-11,115.48
LU0056508442,2025-11-12,115.0
LU0056508442,2025-11-13,112.87
LU0056508442,2025-11-14,110.73
LU0056508442,2025-11-17,111.88
LU0056508442,2025-11-18,108.04
LU0056508442,2025-11-19,110.49
LU0056508442,2025-11-20,112.76
LU0056508442,2025-11-21,105.69
LU0056508442,2025-11-24,108.23
LU0056508442,2025-11-25,108.33
LU0056508442,2025-11-26,111.11
LU0056508442,2025-11-27,111.99
LU0056508442,2025-11-28,112.3
LU0056508442,2025-12-01,111.81
LU0056508442,2025-12-02,113.73
LU0056508442,2025-12-03,112.07
LU0056508442,2025-12-04,112.65
LU0056508442,2025-12-05,114.56
LU0056508442,2025-12-08,114.86
LU0056508442,2025-12-09,114.83
LU0056508442,2025-12-10,114.71
LU0056508442,2025-12-11,112.75
LU0056508442,2025-12-12,112.92
LU0056508442,2025-12-15,110.05
LU0056508442,2025-12-16,109.74
LU0056508442,2025-12-17,109.23
LU0056508442,2025-12-18,108.86
LU0056508442,2025-12-19,110.78
LU0056508442,2025-12-22,112.02
LU0056508442,2025-12-23,111.68
LU0056508442,2025-12-29,112.4
LU0056508442,2025-12-30,112.84
LU0056508442,2025-12-31,112.24
LU0056508442,2026-01-02,113.85
LU0056508442,2026-01-05,113.76
LU0056508442,2026-01-06,114.1
LU0056508442,2026-01-07,114.26
LU0056508442,2026-01-08,112.86
LU0056508442,2026-01-09,113.9
LU0056508442,2026-01-12,114.77
LU0056508442,2026-01-13,115.72
LU0056508442,2026-01-14,113.65
LU0056508442,2026-01-15,115.54
LU0056508442,2026-01-16,114.94
LU0056508442,2026-01-19,114.91
LU0056508442,2026-01-20,112.74
LU0056508442,2026-01-21,112.75
LU0056508442,2026-01-22,113.59
LU0056508442,2026-01-23,113.23
LU0056508442,2026-01-26,114.44
LU0056508442,2026-01-27,116.16
LU0056508442,2026-01-28,117.88
LU0056508442,2026-01-29,116.2
LU0056508442,2026-01-30,115.84
LU0056508442,2026-02-02,113.75
LU0056508442,2026-02-03,113.11
LU0056508442,2026-02-04,110.74
LU0056508442,2026-02-05,107.56
LU0056508442,2026-02-06,109.59
LU0056508442,2026-02-09,112.71
LU0056508442,2026-02-10,114.56
LU0056508442,2026-02-11,114.62
LU0056508442,2026-02-12,113.7
LU0056508442,2026-02-13,111.41
LU0056508442,2026-02-16,111.83
LU0056508442,2026-02-17,109.63
LU0056508442,2026-02-18,112.73
LU0056508442,2026-02-19,112.3
LU0056508442,2026-02-20,113.01
LU0056508442,2026-02-23,112.73
LU0056508442,2026-02-24,112.66
LU0056508442,2026-02-25,116.17
LU0056508442,2026-02-26,114.85
LU0056508442,2026-02-27,112.46
LU0056508442,2026-03-02,112.11
LU0056508442,2026-03-03,107.33
LU0056508442,2026-03-04,109.21
LU0056508442,2026-03-05,111.26
LU0056508442,2026-03-06,108.3
LU0056508442,2026-03-09,106.96
LU0056508442,2026-03-10,111.68
LU0056508442,2026-03-11,111.8
LU0056508442,2026-03-12,108.76
LU0056508442,2026-03-13,107.98
LU0056508442,2026-03-16,109.64
LU0056508442,2026-03-17,110.08
LU0056508442,2026-03-18,110.72
LU0056508442,2026-03-19,108.99
LU0056508442,2026-03-20,107.68
LU0056508442,2026-03-23,109.81
LU0056508442,2026-03-24,108.06
LU0056508442,2026-03-25,109.96
LU0056508442,2026-03-26,106.06
LU0056508442,2026-03-27,103.07
LU0056508442,2026-03-30,101.26
LU0056508442,2026-03-31,102.07
LU0056508442,2026-04-01,107.07
LU0056508442,2026-04-02,105.01
LU0056508442,2026-04-07,107.31
LU0056508442,2026-04-08,115.33
LU0056508442,2026-04-09,115.38
LU0056508442,2026-04-10,117.16
LU0056508442,2026-04-13,117.28
LU0056508442,2026-04-14,120.28
LU0056508442,2026-04-15,122.4
LU0056508442,2026-04-16,123.13
LU0056508442,2026-04-17,125.6
LU0056508442,2026-04-20,125.6
LU0056508442,2026-04-21,126.89
LU0056508442,2026-04-22,126.91
LU0056508442,2026-04-23,128.48
LU0056508442,2026-04-24,129.67
LU0056508442,2026-04-27,131.53
LU0056508442,2026-04-28,129.15
LU0056508442,2026-04-29,128.96
LU0056508442,2026-04-30,129.48
LU0056508442,2026-05-04,134.15
LU0056508442,2026-05-05,135.03
LU0056508442,2026-05-06,140.12
LU0056508442,2026-05-07,141.46
LU0056508442,2026-05-08,143.05
LU0056508442,2026-05-11,145.69
LU0056508442,2026-05-12,144.18
LU0056508442,2026-05-13,145.02
LU0056508442,2026-05-15,144.28
LU0056508442,2026-05-18,144.71
LU0056508442,2026-05-19,141.13
LU0056508442,2026-05-20,142.87
LU0056508442,2026-05-21,146.83
LU0056508442,2026-05-22,148.46
LU0056508442,2026-05-26,151.87
LU0056508442,2026-05-27,152.87
LU0056508442,2026-05-28,152.09
LU0056508442,2026-05-29,156.05
LU0056508442,2026-06-01,155.77
LU0056508442,2026-06-02,160.02
LU0056508442,2026-06-03,159.46
LU0056508442,2026-06-04,154.29
LU0056508442,2026-06-05,149.82
LU0056508442,2026-06-08,146.94
LU0056508442,2026-06-09,151.82
LU0056508442,2026-06-10,146.0
LU0056508442,2026-06-11,146.21
LU0056508442,2026-06-12,149.83
LU0056508442,2026-06-15,156.74
LU0056508442,2026-06-16,159.03
LU0056508442,2026-06-17,156.62
LU0056508442,2026-06-18,159.55
LU0056508442,2026-06-19,161.32
LU0056508442,2026-06-22,163.23
LU0056508442,2026-06-24,152.95
LU0056508442,2026-06-25,152.19
LU0056508442,2026-06-26,151.44
LU0056508442,2026-06-29,151.74
LU0056508442,2026-06-30,159.01
LU0056508442,2026-07-01,156.6
LU0056508442,2026-07-02,153.6
LU0056508442,2026-07-03,150.7
LU0056508442,2026-07-06,153.47
LU0056508442,2026-07-07,146.36
LU0109392836,2025-07-08,55.99
LU0109392836,2025-07-09,56.38
LU0109392836,2025-07-10,55.91
LU0109392836,2025-07-11,55.55
LU0109392836,2025-07-14,55.63
LU0109392836,2025-07-15,56.12
LU0109392836,2025-07-16,56.17
LU0109392836,2025-07-17,56.79
LU0109392836,2025-07-18,56.74
LU0109392836,2025-07-21,56.89
LU0109392836,2025-07-22,56.28
LU0109392836,2025-07-23,56.73
LU0109392836,2025-07-24,57.19
LU0109392836,2025-07-25,57.41
LU0109392836,2025-07-28,57.82
LU0109392836,2025-07-29,57.74
LU0109392836,2025-07-30,58.05
LU0109392836,2025-07-31,57.5
LU0109392836,2025-08-01,56.08
LU0109392836,2025-08-04,57.32
LU0109392836,2025-08-05,56.72
LU0109392836,2025-08-06,57.68
LU0109392836,2025-08-07,57.59
LU0109392836,2025-08-08,57.45
LU0109392836,2025-08-11,57.1
LU0109392836,2025-08-12,57.94
LU0109392836,2025-08-13,57.79
LU0109392836,2025-08-14,57.57
LU0109392836,2025-08-15,57.36
LU0109392836,2025-08-18,57.63
LU0109392836,2025-08-19,56.5
LU0109392836,2025-08-20,56.17
LU0109392836,2025-08-21,55.97
LU0109392836,2025-08-22,56.84
LU0109392836,2025-08-25,56.77
LU0109392836,2025-08-26,57.24
LU0109392836,2025-08-27,57.71
LU0109392836,2025-08-28,58.68
LU0109392836,2025-08-29,57.69
LU0109392836,2025-09-02,57.19
LU0109392836,2025-09-03,57.49
LU0109392836,2025-09-04,57.91
LU0109392836,2025-09-05,58.6
LU0109392836,2025-09-08,59.16
LU0109392836,2025-09-09,59.31
LU0109392836,2025-09-10,59.86
LU0109392836,2025-09-11,60.07
LU0109392836,2025-09-12,59.8
LU0109392836,2025-09-15,60.6
LU0109392836,2025-09-16,60.42
LU0109392836,2025-09-17,60.13
LU0109392836,2025-09-18,61.21
LU0109392836,2025-09-19,61.66
LU0109392836,2025-09-22,62.16
LU0109392836,2025-09-23,61.47
LU0109392836,2025-09-24,61.02
LU0109392836,2025-09-25,60.65
LU0109392836,2025-09-26,60.69
LU0109392836,2025-09-29,60.95
LU0109392836,2025-09-30,61.09
LU0109392836,2025-10-01,61.52
LU0109392836,2025-10-02,61.89
LU0109392836,2025-10-03,61.7
LU0109392836,2025-10-06,62.38
LU0109392836,2025-10-07,61.62
LU0109392836,2025-10-08,62.81
LU0109392836,2025-10-09,62.88
LU0109392836,2025-10-10,60.31
LU0109392836,2025-10-13,62.19
LU0109392836,2025-10-14,61.22
LU0109392836,2025-10-15,61.71
LU0109392836,2025-10-16,61.74
LU0109392836,2025-10-17,61.59
LU0109392836,2025-10-20,62.33
LU0109392836,2025-10-21,62.24
LU0109392836,2025-10-22,61.45
LU0109392836,2025-10-23,62.35
LU0109392836,2025-10-24,63.09
LU0109392836,2025-10-27,64.17
LU0109392836,2025-10-28,64.63
LU0109392836,2025-10-29,65.06
LU0109392836,2025-10-30,63.94
LU0109392836,2025-10-31,64.05
LU0109392836,2025-11-03,64.09
LU0109392836,2025-11-04,62.34
LU0109392836,2025-11-05,62.39
LU0109392836,2025-11-06,61.43
LU0109392836,2025-11-07,61.2
LU0109392836,2025-11-10,62.62
LU0109392836,2025-11-11,62.03
LU0109392836,2025-11-12,62.02
LU0109392836,2025-11-13,60.35
LU0109392836,2025-11-14,60.58
LU0109392836,2025-11-17,59.82
LU0109392836,2025-11-18,58.96
LU0109392836,2025-11-19,59.46
LU0109392836,2025-11-20,57.63
LU0109392836,2025-11-21,57.57
LU0109392836,2025-11-24,59.3
LU0109392836,2025-11-25,59.65
LU0109392836,2025-11-26,60.36
LU0109392836,2025-11-28,60.94
LU0109392836,2025-12-01,60.63
LU0109392836,2025-12-02,61.31
LU0109392836,2025-12-03,61.35
LU0109392836,2025-12-04,61.4
LU0109392836,2025-12-05,61.75
LU0109392836,2025-12-08,62.23
LU0109392836,2025-12-09,62.5
LU0109392836,2025-12-10,62.74
LU0109392836,2025-12-11,62.41
LU0109392836,2025-12-12,60.56
LU0109392836,2025-12-15,59.68
LU0109392836,2025-12-16,59.79
LU0109392836,2025-12-17,58.45
LU0109392836,2025-12-18,59.37
LU0109392836,2025-12-19,60.39
LU0109392836,2025-12-22,60.87
LU0109392836,2025-12-23,61.23
LU0109392836,2025-12-24,61.31
LU0109392836,2025-12-26,61.63
LU0109392836,2025-12-29,61.37
LU0109392836,2025-12-30,61.25
LU0109392836,2025-12-31,60.78
LU0109392836,2026-01-02,61.18
LU0109392836,2026-01-05,61.62
LU0109392836,2026-01-06,62.29
LU0109392836,2026-01-07,62.19
LU0109392836,2026-01-08,61.13
LU0109392836,2026-01-09,61.79
LU0109392836,2026-01-12,62.21
LU0109392836,2026-01-13,62.04
LU0109392836,2026-01-14,60.97
LU0109392836,2026-01-15,61.57
LU0109392836,2026-01-16,61.77
LU0109392836,2026-01-20,60.08
LU0109392836,2026-01-21,60.68
LU0109392836,2026-01-22,61.34
LU0109392836,2026-01-23,61.56
LU0109392836,2026-01-26,62.05
LU0109392836,2026-01-27,62.96
LU0109392836,2026-01-28,63.09
LU0109392836,2026-01-29,62.16
LU0109392836,2026-01-30,60.81
LU0109392836,2026-02-02,60.95
LU0109392836,2026-02-03,59.33
LU0109392836,2026-02-04,57.6
LU0109392836,2026-02-05,56.84
LU0109392836,2026-02-06,59.01
LU0109392836,2026-02-09,60.14
LU0109392836,2026-02-10,60.06
LU0109392836,2026-02-11,60.31
LU0109392836,2026-02-12,58.84
LU0109392836,2026-02-13,59.13
LU0109392836,2026-02-17,59.04
LU0109392836,2026-02-18,59.68
LU0109392836,2026-02-19,59.65
LU0109392836,2026-02-20,59.96
LU0109392836,2026-02-23,58.84
LU0109392836,2026-02-24,59.61
LU0109392836,2026-02-25,60.82
LU0109392836,2026-02-26,59.78
LU0109392836,2026-02-27,59.18
LU0109392836,2026-03-02,59.52
LU0109392836,2026-03-03,58.23
LU0109392836,2026-03-04,59.16
LU0109392836,2026-03-05,59.36
LU0109392836,2026-03-06,58.13
LU0109392836,2026-03-09,59.37
LU0109392836,2026-03-10,59.43
LU0109392836,2026-03-11,59.65
LU0109392836,2026-03-12,58.27
LU0109392836,2026-03-13,57.84
LU0109392836,2026-03-16,58.72
LU0109392836,2026-03-17,59.0
LU0109392836,2026-03-18,58.42
LU0109392836,2026-03-19,58.47
LU0109392836,2026-03-20,56.98
LU0109392836,2026-03-23,58.07
LU0109392836,2026-03-24,57.56
LU0109392836,2026-03-25,57.89
LU0109392836,2026-03-26,55.79
LU0109392836,2026-03-27,54.58
LU0109392836,2026-03-30,53.62
LU0109392836,2026-03-31,56.11
LU0109392836,2026-04-01,56.98
LU0109392836,2026-04-02,57.04
LU0109392836,2026-04-06,57.32
LU0109392836,2026-04-07,57.76
LU0109392836,2026-04-08,60.02
LU0109392836,2026-04-09,60.05
LU0109392836,2026-04-10,60.41
LU0109392836,2026-04-13,61.58
LU0109392836,2026-04-14,62.77
LU0109392836,2026-04-15,63.76
LU0109392836,2026-04-16,64.21
LU0109392836,2026-04-17,65.31
LU0109392836,2026-04-20,65.41
LU0109392836,2026-04-21,65.36
LU0109392836,2026-04-22,67.08
LU0109392836,2026-04-23,66.01
LU0109392836,2026-04-24,67.71
LU0109392836,2026-04-27,67.6
LU0109392836,2026-04-28,66.0
LU0109392836,2026-04-29,66.27
LU0109392836,2026-04-30,66.88
LU0109392836,2026-05-01,67.56
LU0109392836,2026-05-04,67.75
LU0109392836,2026-05-05,68.63
LU0109392836,2026-05-06,70.48
LU0109392836,2026-05-07,70.35
LU0109392836,2026-05-08,71.87
LU0109392836,2026-05-11,72.43
LU0109392836,2026-05-12,71.32
LU0109392836,2026-05-13,72.62
LU0109392836,2026-05-14,73.62
LU0109392836,2026-05-15,71.7
LU0109392836,2026-05-18,71.02
LU0109392836,2026-05-19,70.43
LU0109392836,2026-05-20,72.24
LU0109392836,2026-05-21,73.02
LU0109392836,2026-05-22,73.53
LU0109392836,2026-05-26,75.58
LU0109392836,2026-05-27,75.46
LU0109392836,2026-05-28,76.81
LU0109392836,2026-05-29,77.92
LU0109392836,2026-06-01,80.18
LU0109392836,2026-06-02,81.37
LU0109392836,2026-06-03,80.66
LU0109392836,2026-06-04,79.73
LU0109392836,2026-06-05,73.97
LU0109392836,2026-06-08,75.79
LU0109392836,2026-06-09,74.95
LU0109392836,2026-06-10,72.69
LU0109392836,2026-06-11,75.93
LU0109392836,2026-06-12,76.46
LU0109392836,2026-06-15,79.93
LU0109392836,2026-06-16,77.64
LU0109392836,2026-06-17,77.6
LU0109392836,2026-06-18,80.54
LU0109392836,2026-06-22,80.16
LU0109392836,2026-06-23,76.1
LU0109392836,2026-06-24,76.12
LU0109392836,2026-06-25,77.02
LU0109392836,2026-06-26,75.93
LU0109392836,2026-06-29,78.18
LU0109392836,2026-06-30,80.31
LU0109392836,2026-07-01,77.85
LU0109392836,2026-07-02,75.37
LU0109392836,2026-07-06,77.04
LU0109392836,2026-07-07,74.81
LU0231206078,2025-07-08,93.22
LU0231206078,2025-07-09,93.25
LU0231206078,2025-07-10,92.55
LU0231206078,2025-07-11,92.43
LU0231206078,2025-07-14,92.92
LU0231206078,2025-07-15,93.43
LU0231206078,2025-07-16,93.59
LU0231206078,2025-07-17,93.49
LU0231206078,2025-07-18,92.74
LU0231206078,2025-07-21,93.3
LU0231206078,2025-07-22,93.05
LU0231206078,2025-07-23,92.85
LU0231206078,2025-07-24,92.64
LU0231206078,2025-07-25,92.43
LU0231206078,2025-07-28,91.84
LU0231206078,2025-07-29,92.37
LU0231206078,2025-07-30,91.39
LU0231206078,2025-07-31,91.54
LU0231206078,2025-08-01,90.9
LU0231206078,2025-08-04,90.82
LU0231206078,2025-08-05,90.27
LU0231206078,2025-08-06,89.56
LU0231206078,2025-08-07,89.05
LU0231206078,2025-08-08,88.24
LU0231206078,2025-08-11,89.27
LU0231206078,2025-08-12,88.7
LU0231206078,2025-08-13,89.09
LU0231206078,2025-08-14,89.12
LU0231206078,2025-08-15,89.5
LU0231206078,2025-08-18,90.88
LU0231206078,2025-08-19,91.67
LU0231206078,2025-08-20,92.31
LU0231206078,2025-08-21,92.27
LU0231206078,2025-08-22,91.17
LU0231206078,2025-08-25,91.01
LU0231206078,2025-08-26,89.81
LU0231206078,2025-08-27,89.8
LU0231206078,2025-08-28,89.1
LU0231206078,2025-08-29,88.18
LU0231206078,2025-09-02,89.61
LU0231206078,2025-09-03,90.11
LU0231206078,2025-09-04,90.14
LU0231206078,2025-09-05,89.48
LU0231206078,2025-09-08,89.69
LU0231206078,2025-09-09,89.76
LU0231206078,2025-09-10,89.99
LU0231206078,2025-09-11,89.66
LU0231206078,2025-09-12,89.49
LU0231206078,2025-09-15,89.29
LU0231206078,2025-09-16,89.7
LU0231206078,2025-09-17,90.68
LU0231206078,2025-09-18,91.06
LU0231206078,2025-09-19,91.09
LU0231206078,2025-09-22,90.43
LU0231206078,2025-09-23,89.44
LU0231206078,2025-09-24,89.34
LU0231206078,2025-09-25,89.26
LU0231206078,2025-09-26,88.03
LU0231206078,2025-09-29,88.01
LU0231206078,2025-09-30,87.77
LU0231206078,2025-10-01,88.27
LU0231206078,2025-10-02,88.71
LU0231206078,2025-10-03,88.28
LU0231206078,2025-10-06,89.13
LU0231206078,2025-10-07,89.56
LU0231206078,2025-10-08,89.2
LU0231206078,2025-10-09,90.39
LU0231206078,2025-10-10,89.87
LU0231206078,2025-10-13,90.19
LU0231206078,2025-10-14,90.03
LU0231206078,2025-10-15,91.17
LU0231206078,2025-10-16,91.34
LU0231206078,2025-10-17,92.03
LU0231206078,2025-10-20,92.21
LU0231206078,2025-10-21,92.49
LU0231206078,2025-10-22,93.5
LU0231206078,2025-10-23,92.55
LU0231206078,2025-10-24,92.56
LU0231206078,2025-10-27,92.47
LU0231206078,2025-10-28,92.6
LU0231206078,2025-10-29,93.19
LU0231206078,2025-10-30,93.05
LU0231206078,2025-10-31,92.2
LU0231206078,2025-11-03,92.94
LU0231206078,2025-11-04,93.29
LU0231206078,2025-11-05,93.26
LU0231206078,2025-11-06,91.38
LU0231206078,2025-11-07,91.62
LU0231206078,2025-11-10,91.59
LU0231206078,2025-11-11,92.42
LU0231206078,2025-11-12,92.9
LU0231206078,2025-11-13,91.79
LU0231206078,2025-11-14,92.14
LU0231206078,2025-11-17,92.62
LU0231206078,2025-11-18,92.31
LU0231206078,2025-11-19,93.39
LU0231206078,2025-11-20,93.17
LU0231206078,2025-11-21,92.5
LU0231206078,2025-11-24,91.62
LU0231206078,2025-11-25,91.48
LU0231206078,2025-11-26,91.76
LU0231206078,2025-11-28,91.73
LU0231206078,2025-12-01,91.11
LU0231206078,2025-12-02,90.52
LU0231206078,2025-12-03,89.05
LU0231206078,2025-12-04,89.81
LU0231206078,2025-12-05,89.76
LU0231206078,2025-12-08,88.23
LU0231206078,2025-12-09,89.03
LU0231206078,2025-12-10,88.65
LU0231206078,2025-12-11,88.94
LU0231206078,2025-12-12,89.2
LU0231206078,2025-12-15,89.0
LU0231206078,2025-12-16,87.68
LU0231206078,2025-12-17,88.09
LU0231206078,2025-12-18,88.67
LU0231206078,2025-12-19,90.57
LU0231206078,2025-12-22,89.67
LU0231206078,2025-12-23,89.45
LU0231206078,2025-12-24,89.2
LU0231206078,2025-12-26,89.0
LU0231206078,2025-12-29,88.5
LU0231206078,2025-12-30,88.81
LU0231206078,2025-12-31,89.37
LU0231206078,2026-01-02,89.97
LU0231206078,2026-01-05,88.71
LU0231206078,2026-01-06,88.91
LU0231206078,2026-01-07,89.25
LU0231206078,2026-01-08,88.72
LU0231206078,2026-01-09,87.81
LU0231206078,2026-01-12,87.6
LU0231206078,2026-01-13,87.47
LU0231206078,2026-01-14,87.89
LU0231206078,2026-01-15,87.88
LU0231206078,2026-01-16,87.04
LU0231206078,2026-01-20,84.14
LU0231206078,2026-01-21,83.95
LU0231206078,2026-01-22,83.48
LU0231206078,2026-01-23,81.03
LU0231206078,2026-01-26,80.98
LU0231206078,2026-01-27,80.28
LU0231206078,2026-01-28,80.93
LU0231206078,2026-01-29,80.82
LU0231206078,2026-01-30,81.79
LU0231206078,2026-02-02,83.21
LU0231206078,2026-02-03,84.03
LU0231206078,2026-02-04,84.86
LU0231206078,2026-02-05,85.08
LU0231206078,2026-02-06,84.9
LU0231206078,2026-02-09,84.74
LU0231206078,2026-02-10,85.88
LU0231206078,2026-02-11,85.61
LU0231206078,2026-02-12,84.67
LU0231206078,2026-02-13,83.62
LU0231206078,2026-02-17,84.81
LU0231206078,2026-02-18,85.65
LU0231206078,2026-02-19,84.3
LU0231206078,2026-02-20,84.78
LU0231206078,2026-02-23,84.41
LU0231206078,2026-02-24,84.16
LU0231206078,2026-02-25,84.05
LU0231206078,2026-02-26,84.5
LU0231206078,2026-02-27,83.75
LU0231206078,2026-03-02,82.66
LU0231206078,2026-03-03,82.31
LU0231206078,2026-03-04,80.87
LU0231206078,2026-03-05,81.6
LU0231206078,2026-03-06,80.45
LU0231206078,2026-03-09,79.32
LU0231206078,2026-03-10,80.01
LU0231206078,2026-03-11,78.74
LU0231206078,2026-03-12,77.83
LU0231206078,2026-03-13,77.48
LU0231206078,2026-03-16,77.41
LU0231206078,2026-03-17,77.7
LU0231206078,2026-03-18,77.28
LU0231206078,2026-03-19,75.06
LU0231206078,2026-03-20,74.59
LU0231206078,2026-03-23,73.71
LU0231206078,2026-03-24,73.77
LU0231206078,2026-03-25,75.43
LU0231206078,2026-03-26,74.96
LU0231206078,2026-03-27,73.13
LU0231206078,2026-03-30,72.53
LU0231206078,2026-03-31,73.42
LU0231206078,2026-04-01,73.09
LU0231206078,2026-04-02,74.46
LU0231206078,2026-04-06,75.29
LU0231206078,2026-04-07,74.93
LU0231206078,2026-04-08,77.85
LU0231206078,2026-04-09,76.96
LU0231206078,2026-04-10,77.39
LU0231206078,2026-04-13,77.0
LU0231206078,2026-04-14,76.85
LU0231206078,2026-04-15,78.05
LU0231206078,2026-04-16,78.21
LU0231206078,2026-04-17,79.77
LU0231206078,2026-04-20,78.79
LU0231206078,2026-04-21,78.84
LU0231206078,2026-04-22,78.51
LU0231206078,2026-04-23,77.58
LU0231206078,2026-04-24,76.9
LU0231206078,2026-04-27,77.23
LU0231206078,2026-04-28,76.6
LU0231206078,2026-04-29,76.78
LU0231206078,2026-04-30,75.6
LU0231206078,2026-05-01,75.64
LU0231206078,2026-05-04,75.87
LU0231206078,2026-05-05,76.07
LU0231206078,2026-05-06,77.68
LU0231206078,2026-05-07,77.75
LU0231206078,2026-05-08,77.46
LU0231206078,2026-05-11,75.56
LU0231206078,2026-05-12,74.32
LU0231206078,2026-05-13,74.45
LU0231206078,2026-05-14,76.05
LU0231206078,2026-05-15,75.87
LU0231206078,2026-05-18,75.09
LU0231206078,2026-05-19,74.94
LU0231206078,2026-05-20,75.22
LU0231206078,2026-05-21,75.54
LU0231206078,2026-05-22,75.74
LU0231206078,2026-05-26,76.28
LU0231206078,2026-05-27,76.71
LU0231206078,2026-05-28,76.8
LU0231206078,2026-05-29,76.25
LU0231206078,2026-06-01,75.52
LU0231206078,2026-06-02,75.5
LU0231206078,2026-06-03,74.9
LU0231206078,2026-06-04,75.55
LU0231206078,2026-06-05,75.84
LU0231206078,2026-06-08,74.62
LU0231206078,2026-06-09,75.14
LU0231206078,2026-06-10,74.5
LU0231206078,2026-06-11,74.39
LU0231206078,2026-06-12,76.16
LU0231206078,2026-06-15,77.72
LU0231206078,2026-06-16,77.86
LU0231206078,2026-06-17,77.96
LU0231206078,2026-06-18,79.04
LU0231206078,2026-06-22,79.22
LU0231206078,2026-06-23,78.71
LU0231206078,2026-06-24,79.71
LU0231206078,2026-06-25,79.83
LU0231206078,2026-06-26,80.05
LU0231206078,2026-06-29,79.16
LU0231206078,2026-06-30,79.16
LU0231206078,2026-07-01,79.49
LU0231206078,2026-07-02,79.67
LU0231206078,2026-07-06,80.37
LU0231206078,2026-07-07,80.33
LU0098860793,2025-07-08,9.65
LU0098860793,2025-07-09,9.67
LU0098860793,2025-07-10,9.71
LU0098860793,2025-07-11,9.68
LU0098860793,2025-07-14,9.66
LU0098860793,2025-07-15,9.61
LU0098860793,2025-07-16,9.63
LU0098860793,2025-07-17,9.66
LU0098860793,2025-07-18,9.66
LU0098860793,2025-07-21,9.67
LU0098860793,2025-07-22,9.72
LU0098860793,2025-07-23,9.72
LU0098860793,2025-07-24,9.69
LU0098860793,2025-07-25,9.7
LU0098860793,2025-07-28,9.68
LU0098860793,2025-07-29,9.69
LU0098860793,2025-07-30,9.65
LU0098860793,2025-07-31,9.59
LU0098860793,2025-08-01,9.51
LU0098860793,2025-08-04,9.55
LU0098860793,2025-08-05,9.57
LU0098860793,2025-08-06,9.56
LU0098860793,2025-08-07,9.58
LU0098860793,2025-08-08,9.6
LU0098860793,2025-08-11,9.58
LU0098860793,2025-08-12,9.63
LU0098860793,2025-08-13,9.69
LU0098860793,2025-08-14,9.67
LU0098860793,2025-08-15,9.69
LU0098860793,2025-08-18,9.68
LU0098860793,2025-08-19,9.7
LU0098860793,2025-08-20,9.7
LU0098860793,2025-08-21,9.7
LU0098860793,2025-08-22,9.78
LU0098860793,2025-08-25,9.75
LU0098860793,2025-08-26,9.75
LU0098860793,2025-08-27,9.76
LU0098860793,2025-08-28,9.77
LU0098860793,2025-08-29,9.77
LU0098860793,2025-09-02,9.68
LU0098860793,2025-09-03,9.66
LU0098860793,2025-09-04,9.69
LU0098860793,2025-09-05,9.7
LU0098860793,2025-09-08,9.7
LU0098860793,2025-09-09,9.69
LU0098860793,2025-09-10,9.71
LU0098860793,2025-09-11,9.74
LU0098860793,2025-09-12,9.71
LU0098860793,2025-09-15,9.71
LU0098860793,2025-09-16,9.72
LU0098860793,2025-09-17,9.73
LU0098860793,2025-09-18,9.74
LU0098860793,2025-09-19,9.73
LU0098860793,2025-09-22,9.73
LU0098860793,2025-09-23,9.75
LU0098860793,2025-09-24,9.75
LU0098860793,2025-09-25,9.71
LU0098860793,2025-09-26,9.75
LU0098860793,2025-09-29,9.75
LU0098860793,2025-09-30,9.77
LU0098860793,2025-10-01,9.74
LU0098860793,2025-10-02,9.74
LU0098860793,2025-10-03,9.75
LU0098860793,2025-10-06,9.74
LU0098860793,2025-10-07,9.74
LU0098860793,2025-10-08,9.74
LU0098860793,2025-10-09,9.71
LU0098860793,2025-10-10,9.64
LU0098860793,2025-10-13,9.68
LU0098860793,2025-10-14,9.7
LU0098860793,2025-10-15,9.71
LU0098860793,2025-10-16,9.7
LU0098860793,2025-10-17,9.73
LU0098860793,2025-10-20,9.77
LU0098860793,2025-10-21,9.78
LU0098860793,2025-10-22,9.77
LU0098860793,2025-10-23,9.78
LU0098860793,2025-10-24,9.8
LU0098860793,2025-10-27,9.83
LU0098860793,2025-10-28,9.81
LU0098860793,2025-10-29,9.76
LU0098860793,2025-10-30,9.74
LU0098860793,2025-10-31,9.74
LU0098860793,2025-11-03,9.64
LU0098860793,2025-11-04,9.61
LU0098860793,2025-11-05,9.62
LU0098860793,2025-11-06,9.61
LU0098860793,2025-11-07,9.64
LU0098860793,2025-11-10,9.66
LU0098860793,2025-11-11,9.71
LU0098860793,2025-11-12,9.73
LU0098860793,2025-11-13,9.7
LU0098860793,2025-11-14,9.69
LU0098860793,2025-11-17,9.65
LU0098860793,2025-11-18,9.63
LU0098860793,2025-11-19,9.61
LU0098860793,2025-11-20,9.57
LU0098860793,2025-11-21,9.65
LU0098860793,2025-11-24,9.66
LU0098860793,2025-11-25,9.72
LU0098860793,2025-11-26,9.76
LU0098860793,2025-11-28,9.8
LU0098860793,2025-12-01,9.7
LU0098860793,2025-12-02,9.71
LU0098860793,2025-12-03,9.78
LU0098860793,2025-12-04,9.77
LU0098860793,2025-12-05,9.76
LU0098860793,2025-12-08,9.73
LU0098860793,2025-12-09,9.72
LU0098860793,2025-12-10,9.77
LU0098860793,2025-12-11,9.79
LU0098860793,2025-12-12,9.78
LU0098860793,2025-12-15,9.79
LU0098860793,2025-12-16,9.75
LU0098860793,2025-12-17,9.76
LU0098860793,2025-12-18,9.77
LU0098860793,2025-12-19,9.77
LU0098860793,2025-12-22,9.8
LU0098860793,2025-12-23,9.8
LU0098860793,2025-12-24,9.82
LU0098860793,2025-12-26,9.83
LU0098860793,2025-12-29,9.83
LU0098860793,2025-12-30,9.83
LU0098860793,2025-12-31,9.8
LU0098860793,2026-01-02,9.77
LU0098860793,2026-01-05,9.8
LU0098860793,2026-01-06,9.84
LU0098860793,2026-01-07,9.8
LU0098860793,2026-01-08,9.85
LU0098860793,2026-01-09,9.89
LU0098860793,2026-01-12,9.89
LU0098860793,2026-01-13,9.9
LU0098860793,2026-01-14,9.94
LU0098860793,2026-01-15,9.93
LU0098860793,2026-01-16,9.93
LU0098860793,2026-01-20,9.88
LU0098860793,2026-01-21,9.95
LU0098860793,2026-01-22,9.97
LU0098860793,2026-01-23,9.98
LU0098860793,2026-01-26,10.0
LU0098860793,2026-01-27,10.0
LU0098860793,2026-01-28,9.99
LU0098860793,2026-01-29,10.0
LU0098860793,2026-01-30,10.01
LU0098860793,2026-02-02,9.96
LU0098860793,2026-02-03,9.98
LU0098860793,2026-02-04,10.0
LU0098860793,2026-02-05,9.97
LU0098860793,2026-02-06,10.03
LU0098860793,2026-02-09,10.05
LU0098860793,2026-02-10,10.08
LU0098860793,2026-02-11,10.09
LU0098860793,2026-02-12,10.04
LU0098860793,2026-02-13,10.08
LU0098860793,2026-02-17,10.05
LU0098860793,2026-02-18,10.07
LU0098860793,2026-02-19,10.06
LU0098860793,2026-02-20,10.08
LU0098860793,2026-02-23,10.05
LU0098860793,2026-02-24,10.07
LU0098860793,2026-02-25,10.09
LU0098860793,2026-02-26,10.09
LU0098860793,2026-02-27,10.11
LU0098860793,2026-03-02,10.02
LU0098860793,2026-03-03,9.98
LU0098860793,2026-03-04,10.0
LU0098860793,2026-03-05,9.96
LU0098860793,2026-03-06,9.93
LU0098860793,2026-03-09,9.93
LU0098860793,2026-03-10,9.92
LU0098860793,2026-03-11,9.91
LU0098860793,2026-03-12,9.85
LU0098860793,2026-03-13,9.83
LU0098860793,2026-03-16,9.87
LU0098860793,2026-03-17,9.9
LU0098860793,2026-03-18,9.82
LU0098860793,2026-03-19,9.82
LU0098860793,2026-03-20,9.73
LU0098860793,2026-03-23,9.79
LU0098860793,2026-03-24,9.79
LU0098860793,2026-03-25,9.84
LU0098860793,2026-03-26,9.79
LU0098860793,2026-03-27,9.75
LU0098860793,2026-03-30,9.76
LU0098860793,2026-03-31,9.85
LU0098860793,2026-04-01,9.78
LU0098860793,2026-04-02,9.79
LU0098860793,2026-04-06,9.81
LU0098860793,2026-04-07,9.8
LU0098860793,2026-04-08,9.89
LU0098860793,2026-04-09,9.9
LU0098860793,2026-04-10,9.87
LU0098860793,2026-04-13,9.92
LU0098860793,2026-04-14,9.95
LU0098860793,2026-04-15,9.95
LU0098860793,2026-04-16,9.98
LU0098860793,2026-04-17,10.03
LU0098860793,2026-04-20,10.02
LU0098860793,2026-04-21,9.98
LU0098860793,2026-04-22,9.99
LU0098860793,2026-04-23,9.99
LU0098860793,2026-04-24,9.99
LU0098860793,2026-04-27,9.98
LU0098860793,2026-04-28,9.98
LU0098860793,2026-04-29,9.96
LU0098860793,2026-04-30,10.03
LU0098860793,2026-05-01,9.96
LU0098860793,2026-05-04,9.91
LU0098860793,2026-05-05,9.95
LU0098860793,2026-05-06,9.98
LU0098860793,2026-05-07,9.95
LU0098860793,2026-05-08,9.96
LU0098860793,2026-05-11,9.95
LU0098860793,2026-05-12,9.94
LU0098860793,2026-05-13,9.94
LU0098860793,2026-05-14,9.96
LU0098860793,2026-05-15,9.92
LU0098860793,2026-05-18,9.95
LU0098860793,2026-05-19,9.92
LU0098860793,2026-05-20,9.95
LU0098860793,2026-05-21,9.99
LU0098860793,2026-05-22,10.02
LU0098860793,2026-05-26,10.0
LU0098860793,2026-05-27,10.02
LU0098860793,2026-05-28,10.03
LU0098860793,2026-05-29,10.06
LU0098860793,2026-06-01,9.97
LU0098860793,2026-06-02,9.99
LU0098860793,2026-06-03,9.94
LU0098860793,2026-06-04,9.98
LU0098860793,2026-06-05,9.92
LU0098860793,2026-06-08,9.91
LU0098860793,2026-06-09,9.93
LU0098860793,2026-06-10,9.9
LU0098860793,2026-06-11,9.95
LU0098860793,2026-06-12,9.98
LU0098860793,2026-06-15,9.98
LU0098860793,2026-06-16,10.0
LU0098860793,2026-06-17,9.91
LU0098860793,2026-06-18,9.9
LU0098860793,2026-06-22,9.87
LU0098860793,2026-06-23,9.88
LU0098860793,2026-06-24,9.89
LU0098860793,2026-06-25,9.89
LU0098860793,2026-06-26,9.91
LU0098860793,2026-06-29,9.92
LU0098860793,2026-06-30,9.9
LU0098860793,2026-07-01,9.84
LU0098860793,2026-07-02,9.91
LU0098860793,2026-07-06,9.91
LU0098860793,2026-07-07,9.92
LU0348825331,2026-07-08,65.4089
LU0820561818,2026-07-08,8.7152
LU1564329115,2026-07-08,8.3
LU0056508442,2026-07-08,146.38
LU0109392836,2026-07-08,75.38
LU0231206078,2026-07-08,78.5
LU0098860793,2026-07-08,9.87
LU0348825331,2026-07-09,65.9281
LU0348825331,2026-07-10,65.2545
LU0820561818,2026-07-09,8.7798
LU0820561818,2026-07-10,8.7731
LU1564329115,2026-07-09,8.32
LU1564329115,2026-07-10,8.35
LU0056508442,2026-07-09,151.27
LU0056508442,2026-07-10,149.97
LU0109392836,2026-07-09,77.24
LU0109392836,2026-07-10,77.0
LU0231206078,2026-07-09,79.5
LU0231206078,2026-07-10,79.96
LU0098860793,2026-07-09,9.87
LU0098860793,2026-07-10,9.88
LU0348825331,2026-07-13,64.5004
LU0820561818,2026-07-13,8.7391
LU1564329115,2026-07-13,8.35
LU0056508442,2026-07-13,145.54
LU0109392836,2026-07-13,74.54
LU0231206078,2026-07-13,79.71
LU0098860793,2026-07-13,9.88
LU0348825331,2026-07-14,65.1661
LU0820561818,2026-07-14,8.76
LU1564329115,2026-07-14,8.35
LU0056508442,2026-07-14,147.46
LU0109392836,2026-07-14,76.14
LU0231206078,2026-07-14,78.75
LU0098860793,2026-07-14,9.83
